Brent ,Wilson,2019-01-01,349090,2019-09-30,2020-09-30,(303) 887 3456
Antonio,Brown ,2019-02-02,890887,2019-09-30,2020-09-30,303-333-9987
Jerry,Jones,1999-06-06,jkj3343,2016-08-04,2020-12-12,
Baker,Mayfield ,1988-01-04,349093,2019-09-30,2020-12-13,13039873345
Serena, Williams,2019-04-04,jk 909009,2017-11-11,2020-12-14,444-555-9876
Jake,Jabs,2019-01-06,349090,2019-09-30,2050-12-15,444-555-9877
Mary,Poppins,2019-01-07,uu 90990,2019-09-30,2050-12-16,444-555-9878
Sally,Jesse Rephael,1988-01-08,349097,2019-09-30,2050-12-17,444-555-9879
Bruce,Springsteen,1988-01-09,234324,2019-09-30,,444-555-9880
Jason,Statham,1988-02-12,349099,2019-09-30,,606-555-9886
Lenny,Bruce,1988-01-11,349100,2019-09-30,,202-555-9882
Martin,Short,1988-01-12,349101,2019-09-30,,404-555-9883
Benny,Samson,1988-01-13,349102,2019-09-30,,44425559884
